node;pid;tid;core_id;sample_count;
fixot-brendan-MS-7C02;6283;6691;5;11;
fixot-brendan-MS-7C02;6283;7026;1;5;
fixot-brendan-MS-7C02;6283;6739;5;10;
fixot-brendan-MS-7C02;6283;6723;2;5;
fixot-brendan-MS-7C02;6283;6723;3;1;
fixot-brendan-MS-7C02;6283;6369;4;17;
fixot-brendan-MS-7C02;6283;6305;1;8;
fixot-brendan-MS-7C02;6283;6851;4;5;
fixot-brendan-MS-7C02;6283;6692;1;3;
fixot-brendan-MS-7C02;6283;6692;4;11;
fixot-brendan-MS-7C02;6283;6692;5;1;
fixot-brendan-MS-7C02;6283;6740;2;1;
fixot-brendan-MS-7C02;6283;6740;4;7;
fixot-brendan-MS-7C02;6283;6740;5;1;
fixot-brendan-MS-7C02;6283;6740;6;2;
fixot-brendan-MS-7C02;6283;6724;1;14;
fixot-brendan-MS-7C02;6283;6338;2;17;
fixot-brendan-MS-7C02;6283;6386;4;6;
fixot-brendan-MS-7C02;6283;6529;1;14;
fixot-brendan-MS-7C02;6283;6529;3;3;
fixot-brendan-MS-7C02;6283;6306;4;1;
fixot-brendan-MS-7C02;6283;6306;5;16;
fixot-brendan-MS-7C02;6283;6306;6;1;
fixot-brendan-MS-7C02;6283;6852;1;8;
fixot-brendan-MS-7C02;6283;6852;5;1;
fixot-brendan-MS-7C02;6283;6852;6;2;
fixot-brendan-MS-7C02;6283;6709;1;2;
fixot-brendan-MS-7C02;6283;6709;3;6;
fixot-brendan-MS-7C02;6283;6709;5;4;
fixot-brendan-MS-7C02;6283;7012;5;5;
fixot-brendan-MS-7C02;6283;6339;5;14;
fixot-brendan-MS-7C02;6283;6339;6;8;
fixot-brendan-MS-7C02;6283;6387;1;17;
fixot-brendan-MS-7C02;6283;6530;2;16;
fixot-brendan-MS-7C02;6283;6869;2;10;
fixot-brendan-MS-7C02;6283;6578;1;12;
fixot-brendan-MS-7C02;6283;6578;4;1;
fixot-brendan-MS-7C02;6283;6710;2;13;
fixot-brendan-MS-7C02;6283;6758;4;12;
fixot-brendan-MS-7C02;6283;6451;1;1;
fixot-brendan-MS-7C02;6283;6451;3;5;
fixot-brendan-MS-7C02;6283;6595;2;5;
fixot-brendan-MS-7C02;6283;6822;4;7;
fixot-brendan-MS-7C02;6283;6547;1;4;
fixot-brendan-MS-7C02;6283;6547;4;10;
fixot-brendan-MS-7C02;6283;6870;1;6;
fixot-brendan-MS-7C02;6283;6579;5;17;
fixot-brendan-MS-7C02;6283;6775;1;8;
fixot-brendan-MS-7C02;6283;6775;4;1;
fixot-brendan-MS-7C02;6283;6452;1;4;
fixot-brendan-MS-7C02;6283;6452;4;10;
fixot-brendan-MS-7C02;6283;6839;1;8;
fixot-brendan-MS-7C02;6283;6357;5;20;
fixot-brendan-MS-7C02;6283;6548;5;19;
fixot-brendan-MS-7C02;6283;6580;4;7;
fixot-brendan-MS-7C02;6283;6580;5;5;
fixot-brendan-MS-7C02;6283;6580;6;2;
fixot-brendan-MS-7C02;6283;6469;1;6;
fixot-brendan-MS-7C02;6283;6776;5;13;
fixot-brendan-MS-7C02;6283;7015;1;1;
fixot-brendan-MS-7C02;6283;7015;2;3;
fixot-brendan-MS-7C02;6283;7015;3;1;
fixot-brendan-MS-7C02;6283;6999;1;8;
fixot-brendan-MS-7C02;6283;6840;4;1;
fixot-brendan-MS-7C02;6283;6840;5;7;
fixot-brendan-MS-7C02;6283;6613;4;6;
fixot-brendan-MS-7C02;6283;6374;2;16;
fixot-brendan-MS-7C02;6283;6470;4;16;
fixot-brendan-MS-7C02;6283;6952;1;5;
fixot-brendan-MS-7C02;6283;7032;5;5;
fixot-brendan-MS-7C02;6283;6422;5;7;
fixot-brendan-MS-7C02;6283;6614;1;10;
fixot-brendan-MS-7C02;6283;6375;5;15;
fixot-brendan-MS-7C02;6283;6375;6;6;
fixot-brendan-MS-7C02;6283;6566;4;13;
fixot-brendan-MS-7C02;6283;6487;5;5;
fixot-brendan-MS-7C02;6283;6937;5;5;
fixot-brendan-MS-7C02;6283;6423;2;16;
fixot-brendan-MS-7C02;6283;6746;2;7;
fixot-brendan-MS-7C02;6283;6985;1;5;
fixot-brendan-MS-7C02;6283;6631;4;2;
fixot-brendan-MS-7C02;6283;6631;5;8;
fixot-brendan-MS-7C02;6283;6631;6;1;
fixot-brendan-MS-7C02;6283;6794;2;7;
fixot-brendan-MS-7C02;6283;6858;4;1;
fixot-brendan-MS-7C02;6283;6858;5;8;
fixot-brendan-MS-7C02;6283;6970;5;5;
fixot-brendan-MS-7C02;6283;6488;2;15;
fixot-brendan-MS-7C02;6283;6632;2;17;
fixot-brendan-MS-7C02;6283;6393;5;22;
fixot-brendan-MS-7C02;6283;6668;1;10;
fixot-brendan-MS-7C02;6283;6764;1;7;
fixot-brendan-MS-7C02;6283;6457;1;1;
fixot-brendan-MS-7C02;6283;6457;5;15;
fixot-brendan-MS-7C02;6283;6601;1;16;
fixot-brendan-MS-7C02;6283;6649;4;5;
fixot-brendan-MS-7C02;6283;6908;4;2;
fixot-brendan-MS-7C02;6283;6908;5;7;
fixot-brendan-MS-7C02;6283;6876;5;9;
fixot-brendan-MS-7C02;6283;6685;1;5;
fixot-brendan-MS-7C02;6283;6781;2;5;
fixot-brendan-MS-7C02;6283;6458;2;19;
fixot-brendan-MS-7C02;6283;6458;5;1;
fixot-brendan-MS-7C02;6283;6602;4;9;
fixot-brendan-MS-7C02;6283;6602;5;5;
fixot-brendan-MS-7C02;6283;6650;5;8;
fixot-brendan-MS-7C02;6283;6283;1;160;
fixot-brendan-MS-7C02;6283;6283;2;101;
fixot-brendan-MS-7C02;6283;6283;4;2;
fixot-brendan-MS-7C02;6283;6283;5;216;
fixot-brendan-MS-7C02;6283;6475;2;18;
fixot-brendan-MS-7C02;6283;6957;4;1;
fixot-brendan-MS-7C02;6283;6957;5;4;
fixot-brendan-MS-7C02;6283;6507;3;1;
fixot-brendan-MS-7C02;6283;6507;5;14;
fixot-brendan-MS-7C02;6283;6523;1;6;
fixot-brendan-MS-7C02;6283;6782;4;5;
fixot-brendan-MS-7C02;6283;6619;2;14;
fixot-brendan-MS-7C02;6283;6619;3;1;
fixot-brendan-MS-7C02;6283;6894;2;7;
fixot-brendan-MS-7C02;6283;6894;6;1;
fixot-brendan-MS-7C02;6283;6332;5;8;
fixot-brendan-MS-7C02;6283;6974;1;5;
fixot-brendan-MS-7C02;6283;6958;2;10;
fixot-brendan-MS-7C02;6283;6508;4;3;
fixot-brendan-MS-7C02;6283;6508;5;4;
fixot-brendan-MS-7C02;6283;6508;6;13;
fixot-brendan-MS-7C02;6283;6926;2;8;
fixot-brendan-MS-7C02;6283;6428;1;16;
fixot-brendan-MS-7C02;6283;6620;5;17;
fixot-brendan-MS-7C02;6283;6815;2;10;
fixot-brendan-MS-7C02;6283;6799;5;9;
fixot-brendan-MS-7C02;6283;6301;2;17;
fixot-brendan-MS-7C02;6283;6333;4;17;
fixot-brendan-MS-7C02;6283;6704;1;8;
fixot-brendan-MS-7C02;6283;6493;4;14;
fixot-brendan-MS-7C02;6283;6493;6;1;
fixot-brendan-MS-7C02;6283;6656;2;13;
fixot-brendan-MS-7C02;6283;6656;3;1;
fixot-brendan-MS-7C02;6283;6429;4;3;
fixot-brendan-MS-7C02;6283;6429;5;15;
fixot-brendan-MS-7C02;6283;6429;6;2;
fixot-brendan-MS-7C02;6283;6350;1;7;
fixot-brendan-MS-7C02;6283;6816;5;8;
fixot-brendan-MS-7C02;6283;6800;1;10;
fixot-brendan-MS-7C02;6283;6541;2;4;
fixot-brendan-MS-7C02;6283;6541;3;1;
fixot-brendan-MS-7C02;6283;6302;2;1;
fixot-brendan-MS-7C02;6283;6302;4;17;
fixot-brendan-MS-7C02;6283;6302;5;3;
fixot-brendan-MS-7C02;6283;7135;5;5;
fixot-brendan-MS-7C02;6283;6494;5;14;
fixot-brendan-MS-7C02;6283;6494;6;4;
fixot-brendan-MS-7C02;6283;6673;2;12;
fixot-brendan-MS-7C02;6283;6673;3;3;
fixot-brendan-MS-7C02;6283;6887;4;3;
fixot-brendan-MS-7C02;6283;6887;5;5;
fixot-brendan-MS-7C02;6283;6577;1;5;
fixot-brendan-MS-7C02;6283;6944;4;5;
fixot-brendan-MS-7C02;6283;6392;2;18;
fixot-brendan-MS-7C02;6283;6351;2;17;
fixot-brendan-MS-7C02;6283;6757;5;11;
fixot-brendan-MS-7C02;6283;6638;1;11;
fixot-brendan-MS-7C02;6283;6638;4;1;
fixot-brendan-MS-7C02;6283;6925;1;5;
fixot-brendan-MS-7C02;6283;6925;4;1;
fixot-brendan-MS-7C02;6283;6542;1;9;
fixot-brendan-MS-7C02;6283;6542;3;4;
fixot-brendan-MS-7C02;6283;6356;1;12;
fixot-brendan-MS-7C02;6283;6356;3;5;
fixot-brendan-MS-7C02;6283;6524;4;1;
fixot-brendan-MS-7C02;6283;6524;5;13;
fixot-brendan-MS-7C02;6283;6560;5;18;
fixot-brendan-MS-7C02;6283;6405;5;17;
fixot-brendan-MS-7C02;6283;6410;1;17;
fixot-brendan-MS-7C02;6283;6674;5;14;
fixot-brendan-MS-7C02;6283;6596;5;10;
fixot-brendan-MS-7C02;6283;6404;2;5;
fixot-brendan-MS-7C02;6283;6476;5;16;
fixot-brendan-MS-7C02;6283;6476;6;1;
fixot-brendan-MS-7C02;6283;6686;2;7;
fixot-brendan-MS-7C02;6283;6722;5;10;
fixot-brendan-MS-7C02;6283;6722;6;1;
fixot-brendan-MS-7C02;6283;6834;2;8;
fixot-brendan-MS-7C02;6283;6411;4;15;
fixot-brendan-MS-7C02;6283;6411;5;5;
fixot-brendan-MS-7C02;6283;6368;5;7;
fixot-brendan-MS-7C02;6283;6655;1;15;
fixot-brendan-MS-7C02;6283;6506;1;4;
fixot-brendan-MS-7C02;6283;6506;4;11;
fixot-brendan-MS-7C02;6283;6559;2;1;
fixot-brendan-MS-7C02;6283;6559;6;13;
